{
  "type": "object",
  "properties": {
    "classes": {
      "type": "array",
      "items": {
        "type": "object",
        "properties": {
          "name": {
            "type": "string"
          },
          "class code": {
            "type": "integer"
          },
          "number": {
            "type": "string"
          },
          "location": {
            "type": "string"
          },
          "instructor": {
            "type": "string"
          },
          "credits": {
            "type": "integer"
          },
          "is open": {
            "type": "boolean"
          },
          "start end": {
            "type": "array",
            "items": {
              "type": "object",
              "properties": {
                "hour": {"type": "integer"},
                "minute": {"type": "integer"}
              },
              "required": [
                "hour",
                "minute"
              ]
          }
          },
          "department identifier": 
            {
            "type": "object",
            "properties": {
              "department": {"type": "string"},
              "number": {"type": "integer"}
            },
            "required": ["department", "number"]
          },
          "days": {
            "type": "array",
            "items": [
              {"type": "string"}
            ]

          },
          "students enrolled": {
            "type": "array",
            "items": {
              "type": "object",
              "properties": {
                "name": {"type": "string"},
                "netid": {"type": "string"}
              },
              "required": [
                "name",
                "netid"
              ]
            }
          }          
        },
        "required": [
          "name",
          "class code",
          "number",
          "location",
          "instructor",
          "credits",
          "is open",
          "start end",
          "department identifier",
          "days",
          "students enrolled"
        ]
      }
    }
  }
}