{
  "classes": [
    {
      "name": "Data Structures and Functional Programming",
      "class code": 9099,
      "number": "001",
      "location": "Uris G01",
      "instructor": "Clarkson",
      "credits": 4,
      "is open": true,
      "start end": [
        {
          "hour": 13,
          "minute": 30
        },
        {
          "hour": 14,
          "minute": 30
        }
      ],
      "department identifier": {
        "department": "CS",
        "number": 3110
      },
      "days": [
        "Monday",
        "Wednesday",
        "Friday"
      ],
      "students enrolled": [
        {
          "name": "Will Huey",
          "netid": "wph52"
        },
        {
          "name": "Akshay Undevia",
          "netid": "asu7"
        },
        {
          "name": "Owen Rector",
          "netid": "ocr5"
        },
        {
          "name": "Ben Mun",
          "netid": "bdm84"
        }
      ]
    },
    {
      "name": "Object Oriented Programming and Data Structures",
      "class code": 9090,
      "number": "001",
      "location": "Statler Auditorium",
      "instructor": "Muhlberger",
      "credits": 3,
      "is open": true,
      "start end": [
        {
          "hour": 10,
          "minute": 10
        },
        {
          "hour": 11,
          "minute": 0
        }
      ],
      "department identifier": {
        "department": "CS",
        "number": 2110
      },
      "days": [
        "Tuesday",
        "Thursday"
      ],
      "students enrolled": [
        {
          "name": "Akshay Undevia",
          "netid": "asu7"
        }
      ]
    },
    {
      "name": "Introduction to Computing Using Python",
      "class code": 9222,
      "number": "001",
      "location": "Uris G01",
      "instructor": "White",
      "credits": 4,
      "is open": true,
      "start end": [
        {
          "hour": 9,
          "minute": 5
        },
        {
          "hour": 9,
          "minute": 55
        }
      ],
      "department identifier": {
        "department": "CS",
        "number": 1110
      },
      "days": [
        "Tuesday",
        "Thursday"
      ],
      "students enrolled": [
        {
          "name": "Will Huey",
          "netid": "wph52"
        }
      ]
    },
    {
      "name": "Introduction to Computing Using Python",
      "class code": 9223,
      "number": "002",
      "location": "Statler Auditorium",
      "instructor": "White",
      "credits": 4,
      "is open": true,
      "start end": [
        {
          "hour": 11,
          "minute": 20
        },
        {
          "hour": 12,
          "minute": 10
        }
      ],
      "department identifier": {
        "department": "CS",
        "number": 1110
      },
      "days": [
        "Tuesday",
        "Thursday"
      ],
      "students enrolled": []
    },
    {
      "name": "Computer System Organization and Programming",
      "class code": 9550,
      "number": "001",
      "location": "Kennedy Hall Call Auditorium",
      "instructor": "Bracy",
      "credits": 4,
      "is open": true,
      "start end": [
        {
          "hour": 13,
          "minute": 30
        },
        {
          "hour": 14,
          "minute": 20
        }
      ],
      "department identifier": {
        "department": "CS",
        "number": 3410
      },
      "days": [
        "Monday",
        "Wednesday",
        "Friday"
      ],
      "students enrolled": []
    },
    {
      "name": "Introduction to Analysis of Algorithms",
      "class code": 9670,
      "number": "001",
      "location": "Uris G01",
      "instructor": "van Zuylen",
      "credits": 4,
      "is open": true,
      "start end": [
        {
          "hour": 9,
          "minute": 5
        },
        {
          "hour": 9,
          "minute": 55
        }
      ],
      "department identifier": {
        "department": "CS",
        "number": 4820
      },
      "days": [
        "Monday",
        "Wednesday",
        "Friday"
      ],
      "students enrolled": []
    },
    {
      "name": "Introduction to Computing Using MATLAB",
      "class code": 9214,
      "number": "001",
      "location": "Olin Hall 155",
      "instructor": "Diaz",
      "credits": 4,
      "is open": true,
      "start end": [
        {
          "hour": 14,
          "minute": 40
        },
        {
          "hour": 15,
          "minute": 30
        }
      ],
      "department identifier": {
        "department": "CS",
        "number": 1112
      },
      "days": [
        "Tuesday",
        "Thursday"
      ],
      "students enrolled": []
    },
    {
      "name": "Object Oriented Programming and Data Structures - Honors",
      "class code": 9519,
      "number": "001",
      "location": "Gates GO1",
      "instructor": "Foster",
      "credits": 4,
      "is open": true,
      "start end": [
        {
          "hour": 10,
          "minute": 10
        },
        {
          "hour": 11,
          "minute": 0
        }
      ],
      "department identifier": {
        "department": "CS",
        "number": 2112
      },
      "days": [
        "Tuesday",
        "Thursday"
      ],
      "students enrolled": [
        {
          "name": "Akshay Undevia",
          "netid": "asu7"
        }
      ]
    },
    {
      "name": "Discrete Structures",
      "class code": 9098,
      "number": "001",
      "location": "Statler Auditorium",
      "instructor": "Silva",
      "credits": 3,
      "is open": true,
      "start end": [
        {
          "hour": 11,
          "minute": 20
        },
        {
          "hour": 12,
          "minute": 10
        }
      ],
      "department identifier": {
        "department": "CS",
        "number": 2800
      },
      "days": [
        "Monday",
        "Wednesday",
        "Friday"
      ],
      "students enrolled": [
        {
          "name": "Akshay Undevia",
          "netid": "asu7"
        }
      ]
    },
    {
      "name": "Numerical Analysis and Differential Equations",
      "class code": 9142,
      "number": "001",
      "location": "Hollister Hall 206",
      "instructor": "Vladimirsky",
      "credits": 4,
      "is open": true,
      "start end": [
        {
          "hour": 13,
          "minute": 0
        },
        {
          "hour": 14,
          "minute": 15
        }
      ],
      "department identifier": {
        "department": "CS",
        "number": 4210
      },
      "days": [
        "Tuesday",
        "Thursday"
      ],
      "students enrolled": [
        {
          "name": "Ben Mun",
          "netid": "bdm84"
        }
      ]
    },
    {
      "name": "Introduction to Database Systems",
      "class code": 9259,
      "number": "001",
      "location": "Kennedy Hall Call Auditorium",
      "instructor": "Trummer",
      "credits": 3,
      "is open": true,
      "start end": [
        {
          "hour": 14,
          "minute": 40
        },
        {
          "hour": 15,
          "minute": 30
        }
      ],
      "department identifier": {
        "department": "CS",
        "number": 4320
      },
      "days": [
        "Monday",
        "Wednesday",
        "Friday"
      ],
      "students enrolled": []
    },
    {
      "name": "Operating Systems",
      "class code": 9295,
      "number": "001",
      "location": "Statler Auditorium",
      "instructor": "Alvisi",
      "credits": 3,
      "is open": false,
      "start end": [
        {
          "hour": 14,
          "minute": 45
        },
        {
          "hour": 16,
          "minute": 0
        }
      ],
      "department identifier": {
        "department": "CS",
        "number": 4410
      },
      "days": [
        "Tuesday",
        "Thursday"
      ],
      "students enrolled": []
    },
    {
      "name": "Computer Architecture",
      "class code": 9400,
      "number": "001",
      "location": "PSB 120",
      "instructor": "Batten",
      "credits": 4,
      "is open": true,
      "start end": [
        {
          "hour": 14,
          "minute": 45
        },
        {
          "hour": 16,
          "minute": 0
        }
      ],
      "department identifier": {
        "department": "CS",
        "number": 4420
      },
      "days": [
        "Monday",
        "Wednesday"
      ],
      "students enrolled": []
    },
    {
      "name": "Introduction to Computer Networks",
      "class code": 18030,
      "number": "001",
      "location": "Olin Hall 155",
      "instructor": "Agarwal",
      "credits": 3,
      "is open": true,
      "start end": [
        {
          "hour": 14,
          "minute": 45
        },
        {
          "hour": 16,
          "minute": 0
        }
      ],
      "department identifier": {
        "department": "CS",
        "number": 4450
      },
      "days": [
        "Monday",
        "Wednesday"
      ],
      "students enrolled": [
        {
          "name": "Ben Mun",
          "netid": "bdm84"
        }
      ]
    },
    {
      "name": "Introduction to Computer Graphics",
      "class code": 9754,
      "number": "001",
      "location": "Hollister Hall B14",
      "instructor": "Davis",
      "credits": 3,
      "is open": true,
      "start end": [
        {
          "hour": 13,
          "minute": 30
        },
        {
          "hour": 14,
          "minute": 20
        }
      ],
      "department identifier": {
        "department": "CS",
        "number": 4620
      },
      "days": [
        "Monday",
        "Wednesday",
        "Friday"
      ],
      "students enrolled": [
        {
          "name": "Owen Rector",
          "netid": "ocr5"
        }
      ]
    },
    {
      "name": "Foundations of Artificial Intelligence",
      "class code": 9105,
      "number": "001",
      "location": "Goldwin Smith Hall G76",
      "instructor": "Selman",
      "credits": 3,
      "is open": true,
      "start end": [
        {
          "hour": 14,
          "minute": 45
        },
        {
          "hour": 16,
          "minute": 0
        }
      ],
      "department identifier": {
        "department": "CS",
        "number": 4700
      },
      "days": [
        "Monday",
        "Wednesday"
      ],
      "students enrolled": []
    },
    {
      "name": "Natural Language Processing",
      "class code": 9557,
      "number": "001",
      "location": "Uris G01",
      "instructor": "Lee",
      "credits": 4,
      "is open": true,
      "start end": [
        {
          "hour": 13,
          "minute": 0
        },
        {
          "hour": 14,
          "minute": 15
        }
      ],
      "department identifier": {
        "department": "CS",
        "number": 2800
      },
      "days": [
        "Tuesday",
        "Thursday"
      ],
      "students enrolled": []
    },
    {
      "name": "Computational Linguistics II",
      "class code": 20252,
      "number": "001",
      "location": "Morrill Hall 111",
      "instructor": "van Schijndel",
      "credits": 4,
      "is open": true,
      "start end": [
        {
          "hour": 9,
          "minute": 40
        },
        {
          "hour": 10,
          "minute": 55
        }
      ],
      "department identifier": {
        "department": "CS",
        "number": 4745
      },
      "days": [
        "Tuesday",
        "Thursday"
      ],
      "students enrolled": []
    },
    {
      "name": "Foundations of Robotics",
      "class code": 9632,
      "number": "001",
      "location": "Hollister Hall B14",
      "instructor": "Bhattacharjee",
      "credits": 4,
      "is open": true,
      "start end": [
        {
          "hour": 15,
          "minute": 45
        },
        {
          "hour": 16,
          "minute": 35
        }
      ],
      "department identifier": {
        "department": "CS",
        "number": 4750
      },
      "days": [
        "Monday",
        "Wednesday",
        "Friday"
      ],
      "students enrolled": [
        {
          "name": "Owen Rector",
          "netid": "ocr5"
        }
      ]
    },
    {
      "name": "Computational Genetics and Genomics",
      "class code": 18818,
      "number": "001",
      "location": "Warren Hall 175",
      "instructor": "Kim",
      "credits": 4,
      "is open": true,
      "start end": [
        {
          "hour": 9,
          "minute": 40
        },
        {
          "hour": 10,
          "minute": 55
        }
      ],
      "department identifier": {
        "department": "CS",
        "number": 4775
      },
      "days": [
        "Tuesday",
        "Thursday"
      ],
      "students enrolled": [
        {
          "name": "Ben Mun",
          "netid": "bdm84"
        }
      ]
    },
    {
      "name": "Introduction to Machine Learning",
      "class code": 9755,
      "number": "001",
      "location": "Bailey Hall 101",
      "instructor": "Damle",
      "credits": 4,
      "is open": true,
      "start end": [
        {
          "hour": 9,
          "minute": 40
        },
        {
          "hour": 10,
          "minute": 55
        }
      ],
      "department identifier": {
        "department": "CS",
        "number": 4780
      },
      "days": [
        "Tuesday",
        "Thursday"
      ],
      "students enrolled": []
    },
    {
      "name": "Principles of Large-Scale Machine Learning Systems",
      "class code": 18031,
      "number": "001",
      "location": "Kimball Hall B11",
      "instructor": "De Sa",
      "credits": 4,
      "is open": true,
      "start end": [
        {
          "hour": 19,
          "minute": 30
        },
        {
          "hour": 20,
          "minute": 45
        }
      ],
      "department identifier": {
        "department": "CS",
        "number": 4787
      },
      "days": [
        "Monday",
        "Wednesday"
      ],
      "students enrolled": [
        {
          "name": "Will Huey",
          "netid": "wph52"
        }
      ]
    },
    {
      "name": "Quantum Information Processing",
      "class code": 10378,
      "number": "001",
      "location": "Rockfeller Hall 230",
      "instructor": "Ginsparg",
      "credits": 3,
      "is open": true,
      "start end": [
        {
          "hour": 14,
          "minute": 45
        },
        {
          "hour": 16,
          "minute": 0
        }
      ],
      "department identifier": {
        "department": "CS",
        "number": 4812
      },
      "days": [
        "Tuesday",
        "Thursday"
      ],
      "students enrolled": [
        {
          "name": "Owen Rector",
          "netid": "ocr5"
        }
      ]
    },
    {
      "name": "Introductory Design and Programming for the Web",
      "class code": 9308,
      "number": "001",
      "location": "Klarman Hall KG70",
      "instructor": "Harms",
      "credits": 3,
      "is open": true,
      "start end": [
        {
          "hour": 9,
          "minute": 0
        },
        {
          "hour": 9,
          "minute": 55
        }
      ],
      "department identifier": {
        "department": "CS",
        "number": 1300
      },
      "days": [
        "Monday",
        "Wednesday"
      ],
      "students enrolled": []
    },
    {
      "name": "Data-Driven Web Applications",
      "class code": 10048,
      "number": "001",
      "location": "Klarman Hall KG70",
      "instructor": "Rzeszotarski",
      "credits": 3,
      "is open": true,
      "start end": [
        {
          "hour": 11,
          "minute": 20
        },
        {
          "hour": 12,
          "minute": 10
        }
      ],
      "department identifier": {
        "department": "CS",
        "number": 3300
      },
      "days": [
        "Monday",
        "Wednesday",
        "Friday"
      ],
      "students enrolled": [
        {
          "name": "Will Huey",
          "netid": "wph52"
        }
      ]
    }
  ]
}