{
  "type": "object",
  "properties": {
    "users": {
      "type": "array",
      "items": [
        {
          "type": "object",
          "properties": {
            "name": {
              "type": "string"
            },
            "netid": {
              "type": "string"
            },
            "password": {
              "type": "string"
            },
            "is admin": {
              "type": "boolean"
            },
            "schedule": {
              "type": "array",
              "items": [
                {
                  "type": "integer"
                }
              ]
            }
          },
          "required": [
            "name",
            "netid",
            "password",
            "is admin",
            "schedule"
          ]
        }
      ]
    }
  },
  "required": [
    "users"
  ]
}